precipitation,temp_max,temp_min,wind,weather
0.0,12.8,5.0,4.7,drizzle
10.9,10.6,2.8,4.5,rain
0.7865387549516,11.685059408521441,7.184050867814007,2.232855266432042,rain
20.3,12.2,5.6,4.7,snow
1.3,8.9,2.8,6.1,sun
2.5,4.4,2.2,2.2,rain
0.03213156823837628,7.249416519876173,2.7713116709684145,2.2474424853043535,rain
0.0,10.0,2.8,2.0,fog
4.3,9.4,5.0,3.4,rain
1.0,6.1,0.6,3.4,rain
0.0,6.1,-1.1,5.1,sun
0.0,6.1,-1.7,1.9,sun
0.0,5.0,-2.8,1.3,sun
4.133627136206314,4.344574581251638,0.5179080325552293,5.335392681036224,snow
5.3,1.1,-3.3,3.2,rain
2.5,1.7,-2.8,5.0,snow
8.1,3.3,0.0,5.6,snow
19.8,0.0,-2.8,5.0,snow
15.2,-1.1,-2.8,1.6,rain
13.5,7.2,-1.1,2.3,snow
3.0,8.3,3.3,8.2,rain
6.1,6.7,2.2,4.8,rain
0.0,8.3,1.1,3.6,rain
8.6,10.0,2.2,5.1,rain
8.1,8.9,4.4,5.4,rain
4.8,8.9,1.1,4.8,rain
0.0,6.7,-2.2,1.4,snow
0.0,6.7,0.6,2.2,rain
27.7,9.4,3.9,4.5,rain
3.6,8.3,6.1,5.1,rain
1.8,9.4,6.1,3.9,rain
13.5,8.9,3.3,2.7,rain
0.0,8.3,1.7,2.6,sun
0.0,14.4,2.2,5.3,sun
0.0,15.6,5.0,4.3,sun
0.0,13.9,1.7,2.9,sun
0.0,16.1,1.7,5.0,sun
0.35841393984554387,15.57689128775383,7.802857312965218,5.347705068159063,rain
2.8,10.0,5.0,2.7,rain
2.5,11.1,7.8,2.4,rain
2.3897362662362043,12.806799445560296,6.70361097318155,3.096293045142753,rain
0.8,8.9,5.6,3.4,rain
1.0,8.3,5.0,1.3,rain
11.4,7.2,4.4,1.4,rain
2.5,6.7,1.1,3.1,rain
0.0,7.2,0.6,1.8,drizzle
1.8,7.2,3.3,2.1,rain
17.3,10.0,4.4,3.4,rain
6.4,6.7,3.9,8.1,rain
0.0,6.7,2.2,4.7,sun
3.0051976275019214,7.785012755362123,1.804443537658961,2.8787035733236106,rain
0.8,10.0,7.8,7.5,rain
8.6,10.0,2.8,5.9,rain
0.0,8.3,2.8,3.9,drizzle
11.4,6.7,4.4,3.5,fog
0.0,7.2,2.8,6.4,rain
1.3,5.0,-1.1,3.4,snow
0.0,6.7,-2.2,3.0,sun
3.6,6.7,-0.6,4.2,snow
0.8,5.0,1.1,7.0,snow
0.0,6.1,1.1,3.1,sun
2.0,6.7,3.9,5.1,rain
0.0,12.2,6.7,7.0,sun
0.0,10.6,6.7,5.6,rain
6.9,7.8,1.1,6.2,rain
0.5,6.7,0.0,2.7,snow
0.0,8.9,-1.7,2.7,sun
0.0,15.6,0.6,2.5,sun
3.6,9.4,5.0,2.8,rain
10.4,7.2,6.1,3.4,rain
13.7,6.7,2.8,5.8,rain
19.3,8.3,0.6,6.2,fog
9.4,5.6,0.6,5.3,snow
8.6,7.8,1.1,4.7,snow
23.9,11.1,5.6,5.8,snow
8.4,8.9,3.9,5.1,rain
9.4,10.0,0.6,3.8,snow
3.6,5.0,-0.6,2.7,rain
2.0,7.2,-1.1,3.0,rain
3.6,7.8,2.2,6.4,rain
1.3,8.9,1.1,2.5,rain
4.1,10.0,1.7,2.1,rain
0.0,12.2,0.6,2.8,sun
0.0,15.0,3.3,5.2,sun
0.0,13.3,2.2,2.7,rain
0.0,12.8,6.1,4.3,drizzle
4.8,14.4,6.7,3.8,rain
1.3,10.6,7.2,5.9,rain
27.4,10.0,6.1,4.4,rain
5.6,9.4,5.0,4.7,rain
13.2,10.0,2.8,3.4,snow
1.5,8.9,4.4,6.8,rain
0.0,16.7,4.4,3.1,fog
1.5,11.7,3.3,3.1,rain
0.0,10.6,2.8,2.1,sun
4.6,9.4,2.8,1.8,snow
0.3,11.1,3.3,2.6,fog
0.0,16.1,1.7,4.3,sun
0.0,21.1,7.2,4.1,sun
0.0,20.0,6.1,2.1,rain
0.0,17.8,8.9,3.2,rain
2.3,11.1,7.2,2.6,rain
0.5,13.9,5.6,2.6,rain
0.0,15.0,3.9,4.0,drizzle
0.0,15.6,3.3,3.0,snow
0.0,16.1,7.2,2.9,rain
8.1,13.3,6.7,5.8,rain
1.8,10.0,4.4,2.0,rain
1.8,13.3,7.2,3.9,rain
10.9,13.9,5.0,2.6,rain
6.6,13.3,6.7,2.7,rain
0.0,20.0,4.4,2.3,fog
0.0,23.3,8.3,2.6,rain
0.0,21.7,8.9,3.5,sun
4.3245037237501665,13.865504583558574,9.935204099963835,2.7944940136802328,rain
10.7,16.7,8.9,2.6,rain
3.8,13.9,6.7,5.2,rain
0.8,13.3,6.1,4.8,rain
0.025426099058768522,16.12294305400235,8.294734241578812,2.519534691785814,sun
4.3,15.6,8.9,1.6,rain
4.3,12.8,7.2,8.0,rain
0.5,11.7,6.1,6.4,rain
0.5,13.3,5.6,2.5,rain
18.5,11.1,7.2,3.4,rain
1.8,12.2,6.1,4.6,rain
0.0,13.3,5.0,2.3,sun
0.0,17.8,5.0,2.4,sun
0.0,23.9,6.1,2.2,sun
0.0,18.3,9.4,3.0,sun
0.0,13.3,6.7,3.9,rain
0.0,14.4,3.9,3.0,sun
0.0,18.3,4.4,4.3,sun
0.0,24.4,6.7,3.4,sun
0.0,25.6,9.4,4.2,sun
0.0,26.7,12.8,3.8,sun
0.0,24.4,9.4,4.1,snow
0.0,19.4,9.4,3.5,sun
0.05572257531341082,17.724601504257294,6.650525490363095,3.010225451174588,rain
0.0,15.6,7.8,3.1,rain
0.0,19.4,7.2,1.5,sun
6.4,14.4,11.7,1.3,rain
14.0,16.7,10.0,4.0,rain
6.1,12.8,8.9,4.8,rain
0.3,14.4,8.9,6.3,rain
0.0,17.2,8.9,3.3,rain
0.0,22.2,8.9,3.1,rain
0.0,22.2,8.9,3.6,fog
0.0,17.2,11.7,3.7,sun
0.0,16.7,10.0,3.4,rain
0.0,16.1,7.8,1.8,sun
0.3,18.9,11.1,1.5,rain
3.8,17.8,12.2,2.7,drizzle
6.6,20.0,12.8,3.7,rain
0.3,18.9,10.6,3.7,rain
0.0,17.2,9.4,2.9,sun
1.3,12.8,8.9,3.1,rain
16.0,13.3,8.3,3.3,rain
0.0,16.1,6.1,3.4,sun
16.5,16.1,8.9,3.5,snow
1.5,15.0,8.3,3.0,sun
0.0,17.2,8.3,4.7,rain
0.0,18.9,10.0,2.9,sun
0.0,23.3,10.0,1.8,rain
0.8,18.3,12.8,3.9,sun
0.0,16.1,11.1,4.3,sun
0.0,17.2,10.0,2.7,sun
0.0,22.2,9.4,1.7,sun
0.0,21.1,15.0,4.1,rain
0.032001471132025845,18.843778891360866,11.658534915809133,6.426136377976231,sun
3.0,17.2,10.0,3.8,rain
1.0,19.4,10.0,3.0,rain
0.0,24.4,10.0,3.0,sun
-0.010838216198134746,23.97051637762172,11.740285716520962,2.1003855520549686,sun
15.698030343166362,13.839623571064903,11.7031839285311,1.9111424261973267,rain
8.6,15.6,9.4,2.5,rain
0.0,19.4,9.4,2.0,drizzle
0.5,19.4,11.1,3.1,rain
0.0,18.3,10.6,3.4,snow
0.0,22.8,8.9,1.8,rain
0.0,22.2,11.7,2.5,rain
0.3,21.7,15.0,1.9,rain
3.0,20.0,13.3,2.4,rain
0.0,20.0,12.2,2.3,rain
2.0,18.9,11.7,2.1,rain
5.8,18.3,10.6,6.0,rain
0.0,20.6,9.4,3.8,fog
0.0,24.4,10.6,3.1,drizzle
0.0,25.0,11.1,2.1,sun
0.0,26.7,12.8,3.8,sun
0.0,28.3,14.4,2.8,rain
1.5,25.0,12.8,2.0,rain
0.0,23.9,11.1,2.3,drizzle
0.0,27.8,13.3,2.9,fog
0.0,25.6,13.3,2.7,drizzle
0.5,23.3,13.9,2.2,rain
0.0,25.0,15.0,2.2,rain
0.0,18.9,13.3,3.8,rain
0.3,26.1,13.3,2.5,rain
0.0,21.7,15.0,2.6,sun
0.0,21.1,14.4,2.9,sun
0.09437258759320699,25.04732461261838,14.336326488398567,2.1289388983802273,snow
15.2,19.4,13.9,4.0,rain
0.0,23.9,13.9,2.3,sun
1.0,20.6,12.2,3.9,drizzle
0.0,18.9,11.1,3.3,rain
0.0,23.3,12.2,4.3,sun
0.0,26.7,12.8,2.6,sun
0.0,25.6,12.8,2.2,drizzle
0.0,18.9,13.9,2.8,drizzle
0.0,22.2,13.3,1.7,drizzle
0.0,22.8,15.0,2.0,sun
0.0,19.4,13.3,3.0,sun
0.0,22.8,13.9,2.8,sun
0.0,23.9,13.3,2.2,drizzle
0.0,23.3,12.2,2.5,sun
0.0,27.2,12.8,3.9,sun
0.0,33.9,16.7,3.7,sun
0.0,33.9,17.8,1.9,sun
0.0,28.3,15.6,2.5,rain
0.0,21.1,15.0,2.6,drizzle
-0.006420348259601348,22.17391745333092,14.99838504518703,3.0099338242357088,sun
0.0,24.4,14.4,3.8,drizzle
0.0,25.6,12.2,2.3,sun
0.0,28.3,13.3,2.5,sun
0.0,30.6,15.0,3.0,rain
0.0,30.6,15.0,2.8,sun
0.0,28.9,13.9,2.8,sun
0.0,31.1,16.7,4.7,sun
0.0,34.4,18.3,2.8,sun
0.0,32.8,16.1,1.8,sun
0.0,21.7,14.4,3.0,drizzle
0.0,23.3,15.0,2.7,drizzle
0.0,25.6,15.0,1.9,snow
0.0,23.3,13.3,3.0,drizzle
0.0,22.2,13.3,2.3,sun
0.0,21.1,13.9,3.8,sun
0.0,22.2,10.0,3.3,sun
0.0,26.1,11.7,3.2,sun
0.0,21.1,12.2,3.4,sun
0.0,23.9,13.3,1.8,sun
0.0,22.8,12.2,3.2,sun
0.0,22.8,13.3,2.4,sun
0.0,22.8,12.8,1.9,sun
0.012645459251056423,22.106944411531643,10.57501475792053,2.8939765532210924,sun
0.0,21.7,10.6,2.1,sun
0.0,21.1,10.0,2.0,sun
0.09604435683231845,22.714658473838927,12.888326054222755,3.2351873255695,sun
0.0,24.4,11.1,3.1,sun
0.0,26.1,11.7,2.6,fog
0.0,28.3,14.4,4.2,sun
0.0,32.2,13.3,3.1,sun
0.0,25.0,13.3,3.0,sun
0.3,18.9,13.9,5.0,rain
0.31786602929814245,19.966943867464444,11.649927628474021,3.8840190433334407,rain
0.0030495415893080757,19.954406037567683,8.864131381963272,4.17542664141994,sun
0.026797923646253857,22.1999986939947,10.009603480410078,5.5626308801016515,sun
0.0,27.8,11.7,3.6,sun
0.0,26.1,11.1,1.5,sun
0.0,22.2,11.1,1.9,sun
0.0,24.4,9.4,2.3,sun
0.0,27.8,11.7,2.2,fog
0.0,27.8,11.7,1.4,sun
0.0,23.9,11.7,1.9,drizzle
0.0,19.4,10.0,2.5,drizzle
0.0,16.1,12.8,2.1,drizzle
0.3,19.4,11.7,1.1,rain
0.0,19.4,10.0,1.4,fog
0.0250544656172219,21.0908859628366,9.982610530112243,1.8304331755279237,fog
0.0,19.4,11.1,1.7,sun
0.0,19.4,9.4,1.7,drizzle
0.0,22.8,10.0,1.7,drizzle
0.0,25.0,12.2,1.1,rain
0.07215347866657942,20.655751736084316,12.211864880990207,4.284454246116418,sun
0.0,21.1,7.8,3.1,sun
0.0,23.3,8.9,3.0,sun
0.0,17.8,10.0,4.1,sun
0.0,18.9,7.8,7.3,sun
0.0,18.9,8.3,6.5,sun
0.0,21.7,8.9,5.7,sun
0.0,23.9,7.8,5.1,sun
0.09292339785969923,23.92623792810243,7.860440028559803,1.2709015058442774,sun
0.0,21.1,7.8,1.9,sun
-0.023553498902257705,16.113710823599728,8.924367781506037,1.632690298426051,drizzle
0.04116084236836304,12.313661000916161,8.291129981727662,1.3945943647339054,drizzle
0.0,13.9,7.2,1.3,drizzle
2.0,13.9,8.9,4.6,rain
4.8,15.6,12.2,3.9,rain
16.5,17.8,13.3,3.4,rain
7.9,17.2,11.1,4.6,rain
0.0,16.1,8.3,5.5,sun
0.0,14.4,6.1,1.6,sun
20.8,17.8,6.7,2.0,rain
4.786127641529745,14.912240170525166,9.319899194091272,5.33287790514287,rain
0.5,11.1,6.1,5.7,rain
6.4,11.7,4.4,2.7,rain
8.9,7.8,3.3,2.6,rain
0.0,11.1,5.6,3.0,rain
7.1,11.7,6.1,2.1,sun
0.0,11.7,6.7,1.5,sun
1.5,11.1,7.2,2.5,rain
23.1,14.4,9.4,5.1,fog
6.1,14.4,10.0,3.8,rain
10.9,15.6,10.0,4.9,rain
34.5,15.0,12.2,2.8,rain
14.5,15.6,11.1,2.7,rain
9.7,15.0,10.6,3.0,rain
5.6,15.0,10.6,1.0,rain
0.5,15.6,11.1,3.6,rain
8.1,17.8,12.8,3.8,rain
0.8,15.0,7.8,4.0,rain
0.3,12.8,6.7,3.5,rain
0.0,12.2,3.9,3.4,rain
0.0,10.0,1.1,3.4,rain
0.0,8.9,1.1,2.0,rain
0.0,7.8,-0.6,2.2,fog
15.2,8.9,1.1,3.0,sun
3.6,12.8,6.1,3.0,rain
5.3,11.1,7.8,2.5,rain
0.8,11.1,5.0,2.6,rain
0.0,9.4,2.8,2.4,drizzle
5.6,9.4,2.2,1.6,sun
6.1,12.2,6.1,5.3,rain
7.9,10.0,6.1,4.9,rain
54.1,13.3,8.3,6.0,rain
3.8,11.1,7.2,4.2,rain
11.2,8.3,3.9,5.5,rain
-0.07985755692334336,8.847551137494232,2.8162528288243127,1.5312257870045118,sun
32.0,9.4,6.1,2.4,sun
0.0,8.9,3.9,1.2,rain
0.0,8.3,1.1,3.6,drizzle
0.0,9.4,1.7,3.8,fog
0.0,10.0,1.7,1.5,sun
2.78411017965513,9.444278385456451,2.2584798835615443,2.911114631419128,rain
1.5,12.8,7.8,4.2,rain
35.6,15.0,7.8,4.6,rain
4.1,13.3,8.3,5.5,sun
19.60396926420916,8.250788122362554,7.184875366068133,6.2562658638551065,rain
13.0,9.4,7.2,4.4,rain
14.2,11.7,7.2,6.2,rain
1.5,8.9,4.4,5.0,rain
1.4789686968344176,7.226692392034474,6.088365599300844,5.028548636663416,sun
1.0,7.8,3.3,4.6,rain
0.0,6.7,3.3,2.0,sun
1.5,6.7,2.8,2.1,rain
0.5,7.2,5.6,1.8,rain
3.0,7.8,5.6,4.5,rain
8.1,6.7,4.4,2.0,rain
2.3,7.2,3.3,2.8,rain
7.9,6.1,1.1,1.7,rain
5.3,4.4,0.6,5.1,snow
22.6,6.7,3.3,5.5,snow
2.0,8.3,1.7,9.5,rain
3.3,3.9,0.6,5.3,snow
13.55255742174442,8.285031651277476,1.5638674102637191,5.820951555320578,snow
13.2,7.2,0.6,3.7,rain
1.8,8.3,-1.7,1.7,rain
3.3093258324976693,8.224306457231163,3.9268707893202968,3.4723016746056197,rain
6.6,7.2,3.3,2.5,rain
0.3,5.6,2.8,2.8,rain
13.5,5.6,2.8,4.2,fog
4.6,6.7,3.3,4.9,rain
4.1,7.8,3.3,3.2,rain
0.0,8.3,3.9,1.7,rain
1.5,5.0,3.3,1.7,rain
0.0,4.4,0.0,1.8,drizzle
0.0,3.3,-1.1,2.0,drizzle
0.0,5.0,-2.8,2.7,sun
-5.4540145175924596e-05,6.121497302470558,-1.1298492525512742,3.225672520625882,sun
4.1,6.7,-1.7,3.0,rain
2.5,10.0,2.2,2.8,rain
3.0,6.7,4.4,3.1,drizzle
2.0619064220677354,7.202069497322942,2.7899412348280883,3.0566856955863946,rain
2.3,10.0,4.4,7.3,sun
16.3,11.7,5.6,6.3,rain
38.4,10.0,1.7,5.1,rain
0.3,3.3,-0.6,2.1,drizzle
0.03390572037199182,2.7655360950226595,-2.807786470852153,1.8108152839185836,drizzle
0.0,2.8,-3.9,2.0,sun
0.0,2.2,-4.4,1.5,sun
0.0,3.3,-2.2,1.3,sun
0.0052733778422726345,6.721181362571996,-0.46827571356820585,2.316489807641328,sun
0.0,6.1,-3.9,1.8,drizzle
0.0,3.9,-2.8,1.0,drizzle
0.0,3.3,-1.1,1.3,drizzle
0.0,1.1,-0.6,1.9,drizzle
0.0,3.3,-0.6,2.1,drizzle
0.0,2.2,-1.7,1.1,drizzle
0.0,3.3,-1.7,0.6,drizzle
5.051085794581121,7.189500072020404,2.184748722748529,3.1896017009134585,rain
5.8,7.2,1.1,2.6,rain
3.0,10.6,2.8,2.1,rain
2.3,8.3,3.9,4.5,rain
1.8,5.6,3.9,4.5,rain
7.9,6.1,3.3,3.2,rain
4.3,8.3,5.0,3.9,snow
3.6,8.9,6.7,3.9,rain
3.0,9.4,7.2,4.0,rain
0.25695924711036766,11.655891783705428,5.003663994668971,2.967076781113924,rain
0.0,6.1,2.8,2.0,drizzle
2.3,8.9,2.8,2.9,rain
0.0,10.6,6.7,2.6,rain
3.3,10.0,6.7,5.1,rain
1.0,10.6,6.1,4.5,rain
1.3,9.4,3.3,4.1,rain
0.0,7.8,2.2,1.3,snow
0.3,8.3,4.4,1.3,rain
0.0,8.9,1.7,2.0,drizzle
0.3,8.3,4.4,1.4,rain
1.0,11.1,7.2,5.6,rain
2.3,9.4,7.2,4.1,rain
1.0,9.4,5.6,2.2,rain
0.0,13.3,5.0,2.4,drizzle
0.0,11.1,3.9,5.6,rain
0.0,9.4,4.4,3.4,rain
0.0,7.8,3.9,1.9,rain
0.0,10.6,1.7,3.4,sun
1.5,7.8,1.1,2.1,rain
0.5,6.7,3.9,6.2,snow
9.4,7.8,3.9,8.1,rain
0.3,10.0,3.9,4.6,rain
0.0,8.9,5.0,5.5,sun
2.3,10.6,3.3,7.1,rain
0.5,8.9,3.9,3.8,rain
4.610358036269869,10.050559780250909,4.300851567194708,1.812826366132815,rain
8.1,11.7,6.7,3.8,rain
4.1,15.0,11.1,5.4,drizzle
0.8,13.9,5.0,4.5,rain
0.0,11.1,2.2,2.8,sun
0.0,13.3,0.0,3.9,sun
0.0,9.4,6.1,2.4,rain
11.9,7.2,5.0,4.1,snow
7.4,12.2,5.0,2.5,rain
0.0,11.7,2.2,2.6,drizzle
-0.027452110841174594,12.774092852663953,1.077582960035985,1.3086435711995923,fog
0.8,7.8,3.9,1.6,rain
1.3,10.6,6.1,1.1,rain
1.9733345455866558,12.892125229844213,9.968137747597739,5.628717475713333,rain
2.364682503129511,11.629558175258575,9.364621158460343,3.628681517769846,drizzle
2.8,11.7,9.4,3.0,rain
0.0,14.4,8.9,4.3,rain
4.331819059488793,10.62849407376245,4.41992916760251,6.339499087757921,rain
0.0,8.9,3.9,6.1,sun
0.0,11.7,3.9,5.9,rain
11.7,12.8,1.7,3.4,rain
9.9,11.1,4.4,7.6,rain
8.1,10.0,2.2,4.9,snow
0.0,9.4,0.6,2.2,sun
0.0,10.0,1.1,2.6,sun
0.0,12.2,0.6,2.1,sun
0.0,16.7,4.4,2.8,sun
0.0,16.7,6.1,1.7,sun
0.31434432544651403,13.267064859616845,7.235758880478032,1.6258424806450615,rain
2.0,16.1,8.3,1.3,rain
0.0,18.3,7.8,2.5,rain
0.0,20.0,5.6,4.4,drizzle
0.0,20.6,6.7,2.9,sun
0.0,17.2,8.3,3.6,sun
-0.09606885197124082,13.979209530664447,8.908145349219852,2.1585350324792825,sun
0.0,16.7,7.8,1.6,rain
8.456063864272128,14.443111377455288,9.988922692145294,2.9933906604399994,rain
18.5,13.9,10.0,5.6,rain
12.7,12.2,7.2,5.0,rain
39.1,8.3,5.0,3.9,rain
0.8,13.3,6.1,3.1,rain
0.0,12.2,6.1,2.4,sun
9.4,15.0,8.9,6.4,rain
1.5,12.2,6.7,3.8,sun
9.7,7.8,4.4,4.6,rain
9.4,10.6,3.3,5.7,rain
5.894445413424309,12.851526489672349,4.453760335946546,2.317997176252529,rain
0.0,13.9,4.4,2.4,fog
0.3,13.9,3.3,2.6,rain
0.0,15.0,3.9,3.3,drizzle
5.3,11.7,6.7,4.0,rain
20.6,13.3,9.4,4.9,rain
0.0,13.9,8.3,5.8,sun
3.3,12.2,6.7,4.1,rain
-0.03745527177396007,16.02566780805455,5.0465366751533525,4.253449567750664,sun
0.0,17.8,3.9,2.8,snow
0.0,21.1,6.1,3.0,sun
0.0,21.7,6.7,1.1,rain
0.0,20.6,8.3,2.2,fog
0.0,13.9,10.6,5.9,sun
1.0,15.0,9.4,5.2,rain
3.8,13.9,6.7,4.2,rain
0.0,12.8,4.4,2.4,fog
0.0,18.3,3.3,3.1,sun
0.0,20.6,6.7,4.0,sun
0.0,21.7,9.4,4.9,sun
0.0,25.0,11.1,6.5,sun
0.0,28.9,11.7,5.3,sun
0.0,30.6,12.2,2.0,sun
0.0,20.6,11.1,3.3,sun
-0.003976363976864459,19.381368972516967,11.053030280574566,1.9391522926187141,sun
0.0,22.8,10.0,1.3,sun
0.0,26.1,9.4,1.0,sun
0.0,27.2,12.2,2.6,sun
6.6,21.7,13.9,3.9,rain
3.3,18.9,9.4,5.0,rain
0.0,18.3,7.8,2.4,sun
1.0,17.2,8.9,2.3,rain
0.0,21.7,12.2,2.7,fog
0.5,17.2,11.7,3.7,rain
0.0,16.7,11.1,2.9,sun
0.0,18.3,10.6,2.3,rain
0.0,19.4,9.4,1.8,sun
13.7,15.6,8.3,4.8,rain
13.7,11.1,7.2,3.0,rain
4.1,12.2,6.7,1.9,rain
0.3,16.7,8.9,2.7,rain
-0.058218121264755444,17.769083393241715,10.029206588117487,2.6494830992290184,sun
1.5,18.3,10.6,2.2,rain
9.7,16.7,11.1,3.1,rain
0.5,17.2,11.7,2.8,rain
5.6,16.1,9.4,4.0,rain
0.0,16.7,9.4,5.3,sun
0.0,19.4,11.1,2.5,sun
0.0,22.8,12.2,2.5,fog
1.0011472957737588,20.62188967472381,12.130273704984155,3.0955034792355924,fog
0.0,22.2,11.1,2.9,sun
0.0,26.1,12.2,3.4,rain
0.0,26.7,14.4,3.1,sun
0.0,26.7,12.2,2.5,sun
0.0,21.7,13.3,3.2,sun
0.0,20.6,12.8,3.1,sun
0.0,20.6,11.1,3.7,sun
0.0,21.7,11.7,3.2,sun
0.0,20.0,10.0,5.7,sun
0.3,20.6,11.7,4.2,rain
0.0,21.1,11.7,2.6,sun
0.0,20.0,12.2,3.7,sun
0.0,25.6,10.0,2.9,sun
0.0,23.9,12.8,3.4,sun
0.0,25.6,13.9,3.0,sun
0.3,23.3,13.3,3.4,rain
0.0,20.0,12.8,3.7,snow
3.0,17.2,12.8,5.0,rain
0.3,20.6,12.2,1.5,rain
0.0,25.6,11.7,1.7,sun
7.970010605696452,22.219929666067944,15.021187601357449,2.10374877108718,rain
4.8,21.1,13.9,3.7,rain
9.9,23.3,14.4,2.8,rain
2.0,22.2,15.0,2.3,rain
3.6136117761929225,21.18975911132564,16.683011437501538,1.2890256994976206,rain
0.0,30.6,16.1,2.2,sun
0.0,30.0,18.3,1.7,sun
0.0,33.9,17.2,2.5,sun
0.0,31.7,18.3,2.3,sun
0.0,28.3,15.6,3.0,sun
0.0,26.1,16.7,3.2,sun
0.0,21.7,13.9,2.2,fog
0.0,23.3,13.9,2.6,sun
0.0,26.1,13.3,2.2,sun
0.0,23.9,13.9,2.9,sun
-0.0002516170284751243,26.71782736378994,13.264175692343269,2.775192328529883,sun
0.0,30.0,15.0,2.5,snow
0.0,22.2,13.9,2.6,sun
0.0,22.8,12.2,3.0,sun
-0.0738414076309635,19.3980825793992,13.219186692546252,2.172602694778943,sun
0.0,26.1,11.1,3.1,sun
0.0,27.8,12.8,3.0,sun
0.0,27.8,14.4,4.6,sun
0.0,31.1,18.3,4.1,sun
0.0,22.2,15.0,3.7,sun
0.0,26.1,13.9,2.0,sun
0.0,27.8,13.3,1.9,sun
0.0,25.0,13.3,2.0,sun
0.0,23.9,12.8,2.3,sun
0.0,26.1,13.3,2.4,fog
0.0,31.1,13.9,3.0,sun
0.0,31.1,14.4,2.5,sun
0.0,31.1,12.8,2.3,sun
0.05996780187159215,31.124067978866748,14.454187164645116,2.9069919750023874,sun
0.0,25.6,12.8,2.6,sun
0.0,21.1,12.2,3.4,fog
0.0,25.0,13.3,1.4,sun
0.0,25.0,13.3,2.8,rain
0.0,21.7,13.3,1.8,sun
0.0,20.6,13.3,3.9,sun
2.0180893322785645,17.122603150417397,15.085480025794794,1.9893585151281503,rain
0.021363296104945598,25.022369125502912,15.613246302201905,2.429214871180785,fog
0.0,28.9,15.0,3.4,sun
0.0,30.0,15.0,2.1,snow
0.0,30.6,13.9,1.4,rain
0.0,31.1,13.9,1.9,sun
0.046128071221751984,28.320146161267903,14.415373674694989,2.530952422524484,sun
0.009562252044233242,28.33477304552274,14.40200051795004,2.1759956886981544,sun
2.3,25.6,15.0,2.9,rain
0.0,25.0,14.4,2.9,sun
0.0,25.6,16.1,1.9,sun
0.0,27.8,15.0,1.8,sun
0.8,27.2,15.0,2.0,rain
1.8,21.1,17.2,1.0,rain
0.0,28.9,16.1,2.2,fog
0.0,25.6,17.2,3.0,sun
0.0,26.1,15.6,3.1,sun
0.0,26.7,15.6,3.0,sun
0.0,25.6,16.1,4.6,sun
0.0,27.8,15.0,4.3,sun
0.0,28.9,15.0,1.9,sun
0.0,25.0,16.1,4.1,sun
0.0,25.0,16.7,2.7,sun
0.3,22.2,16.1,2.6,rain
1.0,24.4,16.1,1.9,rain
1.3,26.7,17.2,1.4,rain
5.6,26.7,15.6,1.3,rain
19.279364866462178,23.932620760323122,18.376251471834458,3.0200075729553855,rain
0.0,26.1,16.1,2.9,sun
0.0,27.8,13.9,2.6,sun
-0.017098856397539157,27.74893654135903,15.604025083934367,2.4466549397743234,sun
0.0,27.8,17.2,2.1,sun
2.3,25.0,16.7,1.7,rain
0.26222839764615274,22.850978318118454,16.053057151311563,2.3616109498006463,rain
27.7,20.0,15.6,2.5,rain
21.3,21.7,16.1,2.6,rain
0.0,23.3,17.2,2.0,sun
0.0,26.7,14.4,1.5,fog
0.0,26.1,13.9,2.1,sun
0.0,26.7,15.0,3.7,sun
0.0,33.9,16.1,2.4,rain
-0.02876365190464876,25.555911421952736,15.06836979629244,1.7305905503331884,sun
0.0,18.9,15.6,2.0,sun
0.008420400619304705,21.71553700519622,15.5673267800195,1.3925506918529333,fog
3.3,18.9,14.4,2.2,rain
0.3,21.7,15.0,4.3,rain
0.0,17.8,13.9,2.3,sun
0.0,21.1,13.3,2.5,sun
0.0,25.6,10.0,1.5,rain
3.606434728668772,23.424989495776156,13.258346448027583,2.99234676881994,rain
0.0,21.1,13.3,2.5,sun
13.5,17.2,13.3,5.5,snow
2.8,16.1,11.1,4.5,rain
0.0,17.8,10.0,2.6,sun
1.9642809100635688,16.093842855153277,9.379545402656639,3.0052004435873716,rain
0.0,17.2,7.2,2.2,drizzle
1.0,13.9,10.6,4.3,rain
43.4,16.7,11.7,6.0,rain
16.8,14.4,11.1,7.1,rain
18.5,13.9,10.0,6.3,rain
7.9,14.4,8.9,4.7,rain
5.3,12.8,9.4,2.4,rain
0.8019664081976655,14.501961189842872,8.84759532993447,0.8427870621616296,rain
0.0,17.8,5.6,1.1,sun
0.0,20.0,8.3,1.6,sun
4.1,22.8,7.8,2.6,rain
0.5,16.1,11.7,6.3,rain
6.9,13.9,7.8,3.0,rain
0.0,15.0,5.6,1.6,sun
1.0,14.4,8.3,1.7,rain
9.1,13.9,10.6,1.0,rain
1.0,14.4,8.9,2.2,rain
0.0,15.0,6.7,1.8,fog
0.0,15.6,3.9,1.6,sun
0.0,15.6,5.0,0.9,sun
0.0,12.8,8.9,2.7,fog
0.0,14.4,8.9,1.7,fog
0.0,12.8,7.2,1.2,sun
0.0,10.6,7.8,1.4,sun
0.0,10.6,7.8,2.4,sun
0.0,11.7,8.3,2.5,sun
0.0,14.4,7.2,1.9,sun
0.0,12.8,6.1,0.4,sun
0.0,10.0,6.1,0.6,sun
0.0,12.2,7.8,1.8,sun
0.0067634290066832525,11.788052747012667,8.358019463461416,2.680952541954804,sun
1.8,13.9,8.3,4.4,rain
0.0,14.4,7.2,5.1,sun
0.0,13.3,3.3,2.2,sun
0.5,15.0,5.6,3.9,rain
0.3,14.4,10.6,2.2,rain
1.3,17.8,11.7,1.4,rain
12.7,14.4,8.3,7.9,rain
0.5,12.2,4.4,2.4,rain
0.0,10.6,3.9,1.6,drizzle
2.5,13.3,7.2,3.1,rain
3.8,12.8,7.8,1.7,rain
30.0,11.1,10.0,7.2,rain
0.0,13.3,7.2,4.1,sun
1.8,11.1,5.0,1.4,rain
0.0,11.1,8.3,4.4,sun
0.0,16.1,6.1,2.6,fog
4.1,15.6,8.9,2.2,rain
0.0,13.9,10.6,3.8,sun
1.3,11.1,6.1,1.1,rain
3.03332680084447,10.581893923757683,7.233074539827559,6.059415656764381,rain
0.0,10.0,5.0,4.6,sun
5.3,11.7,7.2,5.4,rain
26.2,12.8,9.4,3.9,rain
1.0,13.3,4.4,5.1,rain
0.0,7.8,1.7,4.3,sun
0.0,7.8,-0.5,3.6,fog
0.0,9.4,0.0,4.6,fog
0.0,11.1,1.1,2.6,sun
0.0,11.7,0.6,0.9,fog
0.0,12.2,2.2,0.5,sun
-0.06950793027573683,12.153864061903285,2.8649635213505076,0.9956660984646417,sun
0.0,14.4,5.6,1.3,sun
0.0,11.7,3.3,0.7,sun
0.5,9.4,5.0,2.1,rain
2.3,11.1,7.2,3.9,rain
3.0,13.3,7.8,8.8,rain
4.6,7.8,1.7,3.5,rain
0.0,5.0,-0.5,5.6,sun
0.0,4.4,-2.1,1.6,sun
0.0,1.1,-4.9,2.6,sun
0.0,1.1,-4.3,4.7,sun
0.0,0.0,-7.1,3.1,sun
0.0,2.2,-6.6,2.2,sun
0.0,1.1,-4.9,1.3,sun
0.02405532443296353,5.637908854143968,0.6447734552474308,1.560380282285162,sun
0.0,5.0,-1.6,0.8,sun
6.9,5.6,-0.5,2.3,rain
0.5,9.4,5.6,2.9,rain
0.0,9.4,6.1,3.7,sun
1.2733835532317979,11.793934944519819,8.278214053385977,3.908548895907648,rain
0.3,10.0,4.4,1.0,rain
0.0,8.3,4.4,2.7,sun
1.3,7.8,2.2,2.8,snow
0.0,5.0,0.0,2.1,sun
5.6,8.3,0.6,3.7,snow
5.6,8.9,5.6,2.3,rain
10.7,10.6,8.3,4.0,rain
1.5,11.7,6.1,5.9,drizzle
0.0,8.3,2.8,1.7,sun
0.0,6.7,1.7,0.8,sun
0.0,6.7,0.6,0.5,sun
0.3,8.9,0.0,2.1,rain
0.0,9.4,3.3,1.3,rain
0.0,7.2,1.7,1.1,sun
0.3,8.9,4.4,2.6,rain
0.4232146818956446,8.297509184915743,4.979522358297176,1.69053568202835,rain
0.0,7.2,3.3,1.2,sun
4.1,10.6,6.1,3.2,rain
1.5,8.9,2.8,2.6,rain
0.0,7.8,0.6,2.7,fog
0.0,8.3,-0.5,3.7,sun
0.3,7.8,-0.5,2.6,rain
12.2,8.3,5.0,1.6,rain
9.7,10.0,7.2,4.6,rain
5.8,9.4,5.6,6.3,rain
4.3,12.8,8.3,7.0,rain
21.3,14.4,7.2,8.8,rain
1.5,11.1,5.6,8.1,drizzle
0.0,10.6,10.0,7.1,sun
0.0,11.1,7.2,1.3,sun
0.0,11.1,5.6,2.5,sun
0.0,6.7,4.4,2.7,sun
0.0,5.6,2.8,2.3,sun
0.0,9.4,0.6,2.2,sun
0.0,6.1,3.3,2.5,sun
0.0,10.0,2.8,2.2,sun
0.0,10.0,1.7,1.5,sun
0.5,9.4,5.6,2.6,rain
0.0,10.0,2.8,5.2,snow
0.0,12.8,1.1,1.9,sun
0.0,12.2,1.1,0.8,sun
0.007615358575686446,8.28636258912896,0.5591428802133064,1.3939910361032384,sun
0.0,9.4,1.7,1.3,sun
8.9,11.1,6.1,1.6,rain
21.6,11.1,7.2,3.4,rain
0.0,8.3,6.1,6.4,sun
2.3,7.8,5.6,2.6,rain
2.0,7.8,2.8,0.8,rain
-0.07209843710101509,8.935241094448795,1.097830028029379,2.4416607237103527,sun
0.032328135253952,4.8911727826828795,0.08707985073230477,4.342702562010408,sun
0.0,2.8,-2.1,4.7,sun
0.0,-0.5,-5.5,6.6,sun
0.0,-1.6,-6.0,4.5,snow
0.0,3.3,-4.9,4.2,sun
5.1,5.6,-0.5,4.6,snow
0.5,3.9,0.0,2.4,rain
18.3,10.0,2.2,4.7,rain
17.0,12.2,5.6,3.8,rain
4.664686417601246,12.169551285829144,7.289081513944483,6.38438029273318,rain
1.8,12.8,7.8,6.3,rain
9.433514999980995,11.706020345232508,6.070093797274925,6.394781137233624,rain
11.7,11.1,5.0,5.1,sun
26.4,9.4,3.9,7.9,rain
14.5,8.3,4.4,5.5,rain
15.2,8.9,5.0,6.2,rain
1.0,8.3,3.9,6.0,rain
3.0,10.0,5.6,6.9,rain
2.8,6.7,3.9,2.9,rain
2.5,5.6,2.8,3.1,rain
6.1,7.2,3.9,2.6,rain
13.0,6.7,3.3,3.2,rain
0.3,12.2,3.9,4.5,rain
0.0,13.9,5.6,2.5,sun
0.0,12.8,4.4,2.3,sun
0.0,14.4,4.4,5.9,sun
0.5,7.2,4.4,4.7,rain
19.1,11.1,2.8,5.7,rain
10.7,14.4,8.9,5.1,rain
16.5,13.9,7.8,3.9,rain
46.728313849163776,15.52819717612368,10.697380577431574,3.923464370895462,rain
3.0,13.3,10.0,6.2,rain
0.0,15.6,8.9,4.2,sun
32.3,12.8,6.7,2.7,rain
4.3,15.0,9.4,4.3,rain
18.8,12.2,6.1,2.2,rain
0.0,14.4,4.4,2.3,fog
-0.007549107492918647,16.11331711727622,3.2284440802911405,1.8702723035567344,fog
0.5,13.9,5.0,2.5,rain
6.9,14.4,8.3,6.1,rain
8.13756772022239,16.683357369014765,4.432127764939392,2.946199366839442,rain
27.7,10.6,4.4,3.8,rain
0.2917180090436725,10.04468491914768,2.8517963473510797,3.2284951342424155,rain
0.0,10.0,3.3,1.6,sun
0.5,11.1,3.3,5.1,rain
0.0,11.1,1.7,3.0,sun
0.0,10.6,2.8,3.8,sun
0.0,11.1,1.1,1.8,sun
0.0,12.8,4.4,3.3,sun
0.0,18.9,2.8,2.2,sun
4.1,13.9,6.7,4.4,rain
3.6,11.1,5.6,2.4,rain
0.3,12.2,6.7,2.8,rain
22.1,11.7,7.2,3.9,drizzle
14.0,11.7,7.2,5.1,rain
0.0,11.1,5.0,5.1,sun
-0.044725209145780924,15.536690885291629,2.1760660892586556,3.725738561104318,sun
0.0,14.4,6.7,2.8,sun
0.0,14.4,5.6,4.2,sun
2.5,13.3,6.1,3.9,rain
0.0,12.8,6.1,4.7,sun
4.6,11.7,7.8,4.3,rain
0.0,13.9,8.3,2.6,sun
0.0,21.1,9.4,2.5,sun
4.6,15.6,8.3,4.2,rain
0.0,14.4,6.7,2.9,sun
0.0,15.0,6.7,3.6,sun
0.0,17.2,5.0,2.8,sun
0.0,16.1,7.8,4.4,sun
0.0,20.6,5.6,3.1,sun
0.0,20.0,5.6,2.6,sun
0.5,14.4,7.8,4.0,rain
10.9,11.1,8.9,4.6,rain
18.5,11.7,7.2,4.7,rain
0.0,14.4,5.6,3.8,sun
13.7,11.7,5.6,4.7,rain
0.0,15.6,5.6,2.7,sun
5.1,17.2,7.8,2.5,rain
14.2,12.2,5.0,4.2,rain
8.9,11.7,6.1,5.0,rain
12.4,13.9,6.1,5.3,rain
0.0,14.4,5.6,2.3,sun
3.3,15.0,5.6,3.9,rain
6.9,11.1,6.1,5.8,rain
0.0,16.1,4.4,2.6,sun
0.0,25.0,9.4,2.3,drizzle
0.0,27.8,9.4,3.9,sun
0.0,29.4,11.1,3.0,sun
0.0,18.3,10.6,4.7,rain
33.3,15.0,8.9,3.4,rain
16.0,14.4,8.9,4.2,rain
5.1,15.6,9.4,3.8,rain
0.0,16.7,8.3,2.6,sun
0.0,18.3,7.2,1.7,sun
13.7,13.9,9.4,3.4,rain
2.0,13.3,7.2,5.6,rain
0.5,15.6,7.2,2.1,fog
0.0,18.9,8.3,1.7,sun
0.0,24.4,9.4,2.7,fog
0.0,26.7,12.8,3.8,sun
0.0,27.8,13.3,3.3,sun
0.0,26.7,12.8,3.0,sun
0.0,20.0,11.7,4.1,sun
0.0,20.0,11.7,3.2,sun
0.0,20.0,10.6,3.2,sun
0.0,21.1,10.0,2.2,sun
0.03036537025568606,22.204274989644194,10.013630685243625,2.686916315132866,sun
0.0,20.0,10.6,1.7,sun
0.0,24.4,11.7,2.5,sun
3.8,20.0,12.8,4.0,rain
0.0,18.3,11.1,2.4,sun
5.634147849133941,14.963116144365415,10.547697885704123,1.3560382863537215,rain
0.0,18.3,11.1,4.5,sun
0.0,20.0,10.0,2.5,sun
0.0,18.9,10.0,3.4,sun
0.0,18.9,11.1,4.3,sun
0.0,20.6,8.9,4.5,drizzle
0.0,23.3,10.0,2.2,sun
0.08294624487963882,22.26825670994428,10.707117026126113,2.371530466432834,sun
-0.01238004844474472,23.334109290304426,11.100927286786753,2.3744727564903774,sun
0.0,18.3,11.1,3.2,sun
0.0,19.4,10.0,2.6,sun
0.0,22.2,10.0,2.4,sun
0.0,25.0,10.6,3.2,sun
0.0,24.4,13.3,3.1,sun
0.0,23.3,12.2,2.1,sun
0.0,21.1,13.3,3.6,sun
0.0,20.0,12.2,2.9,sun
0.0,23.9,11.1,2.7,snow
1.8,21.7,12.2,4.0,rain
6.4,15.6,11.1,5.0,rain
0.0,17.8,11.7,3.2,sun
0.5509574268551434,18.274027815358444,10.010068924876604,3.554605379013141,rain
3.6,17.8,8.9,2.4,rain
1.3,17.8,10.0,3.0,rain
0.0,18.9,11.1,2.7,sun
0.8,25.6,11.7,3.7,rain
0.3,20.0,10.0,3.4,rain
0.0,22.2,10.6,3.6,sun
0.0,25.0,11.1,2.7,sun
0.0,25.0,13.3,2.5,fog
0.0,24.4,14.4,2.5,sun
0.0,26.1,13.9,2.4,sun
0.0,21.1,14.4,4.1,sun
1.8,21.1,13.9,4.5,rain
2.281708944797548,19.992917962208114,13.34374506811254,4.310071961402529,rain
0.0,20.6,12.8,3.2,sun
0.0,25.6,12.8,4.4,sun
0.0,34.4,15.6,3.5,sun
0.0,27.2,14.4,3.6,sun
0.0,21.7,13.9,3.1,sun
0.0,23.9,13.9,3.6,sun
0.0,24.4,13.3,2.2,rain
0.0,28.9,15.0,3.0,sun
0.0,27.2,17.8,4.1,fog
0.0,30.0,15.6,3.5,sun
0.0,26.7,13.9,2.3,sun
0.0,28.9,12.8,2.2,fog
0.0,31.1,15.0,2.2,sun
0.0,32.2,16.7,2.2,sun
0.0,29.4,15.0,2.6,sun
0.0,27.8,15.0,2.8,sun
0.0,31.1,13.9,2.3,sun
0.0,31.1,14.4,2.4,fog
0.0,26.7,13.9,3.7,sun
0.0,23.9,11.7,2.8,sun
0.0,25.6,15.0,5.4,fog
0.0,19.4,14.4,2.8,sun
0.0,23.9,13.3,2.2,snow
0.3,21.1,13.3,1.1,snow
19.3,18.9,13.3,3.3,rain
0.0,20.6,12.8,4.7,sun
0.0,22.8,12.2,2.7,sun
0.0,26.1,13.3,3.6,sun
0.0,28.3,15.0,4.1,sun
0.0,30.6,15.0,3.7,sun
0.0,30.0,15.6,2.8,sun
0.0,29.4,14.4,3.4,sun
0.0,30.6,17.8,4.1,sun
0.0,28.9,15.0,3.3,sun
0.5,29.4,15.6,1.7,rain
0.0,31.7,14.4,2.6,sun
0.0,32.8,16.1,2.6,sun
0.0,25.0,13.9,2.7,sun
0.0033898682589012137,25.97981409713742,14.940438928576368,2.23984003356968,fog
0.0,25.6,13.3,2.4,rain
0.0,25.6,13.3,2.9,sun
0.0,27.2,15.6,4.1,sun
0.0,30.6,13.9,3.4,sun
0.5,35.6,17.8,2.6,rain
12.7,27.2,17.2,3.1,rain
21.6,23.3,15.0,2.7,rain
0.0,21.1,17.2,0.6,sun
1.0,24.4,16.7,1.5,rain
0.0,25.6,15.6,2.2,sun
0.0,27.8,15.0,2.8,snow
0.0,29.4,15.6,3.3,rain
-0.0702967506628884,27.159750629255903,15.580135734859555,2.4602396778384397,sun
0.0,21.7,13.9,3.6,sun
0.0,21.1,11.1,1.7,sun
0.005534170893091797,23.94583205848958,13.352496376093324,2.9078721694717276,snow
0.0,27.8,13.9,2.0,sun
0.0,25.0,13.3,2.3,sun
0.0,28.9,14.4,2.0,sun
0.0,31.1,15.6,1.8,sun
0.0,28.9,16.1,1.6,sun
0.0,23.3,14.4,2.3,sun
0.0,22.8,15.0,3.4,sun
8.4,17.8,15.0,2.2,rain
1.3,21.1,13.9,1.9,rain
0.0,23.3,12.8,2.5,sun
3.0,20.0,13.9,4.3,rain
0.0,20.6,12.8,2.7,sun
0.0,23.9,11.1,3.1,fog
-0.12346452300117461,27.796378138880304,13.931663285415805,6.443332863359758,drizzle
0.0,32.2,15.0,2.9,drizzle
0.0,28.3,13.3,2.1,sun
0.0,21.1,13.3,2.8,sun
0.0,21.7,13.3,2.3,sun
0.0,22.2,12.2,3.9,snow
0.0,24.4,12.8,5.3,sun
0.0,24.4,12.8,5.9,sun
0.0,28.3,10.0,4.2,sun
0.0,30.0,11.7,1.8,sun
0.0,30.6,12.2,1.2,sun
0.03521435921342125,22.206450332346982,13.86593090381167,2.7453787604447037,sun
0.5,22.8,14.4,2.3,rain
0.31094797106814964,19.42094440993841,14.954465335660583,3.1314158568229127,rain
0.0,23.9,16.1,2.8,sun
0.0,24.4,14.4,4.4,fog
0.0,26.1,12.8,3.0,sun
0.3,22.2,15.0,2.1,rain
18.3,18.9,14.4,2.5,rain
20.3,18.9,14.4,2.7,sun
4.3,21.7,14.4,2.5,rain
8.887710274297415,20.019142303290042,13.935556338580849,3.269900639208483,rain
-0.03331197050583203,20.58579012982241,11.713120503841337,3.1798069215262723,fog
0.0,18.9,12.2,2.0,fog
0.8,16.7,11.1,3.5,rain
0.0,19.4,12.2,2.6,sun
0.0,18.3,11.1,2.1,sun
0.0,19.4,10.0,2.0,sun
0.0,22.2,8.9,1.0,sun
0.0,21.7,12.2,1.2,sun
0.0,23.9,11.7,1.4,fog
0.0,25.6,13.3,2.5,fog
0.0,18.9,13.9,1.0,fog
0.0,20.6,12.8,1.8,sun
0.0,17.2,11.1,1.0,fog
0.3,18.3,10.0,3.8,rain
7.4,18.3,11.7,3.5,rain
0.0,17.8,11.7,2.1,sun
7.6,21.1,10.0,3.1,rain
7.1,16.7,11.7,2.2,rain
8.6,16.1,11.7,4.7,drizzle
0.0,20.6,11.1,3.3,sun
3.3,16.7,11.7,3.0,rain
15.0,19.4,13.9,1.9,rain
0.0,22.2,12.8,3.2,snow
11.7,16.1,12.2,3.1,rain
1.0,16.1,11.7,4.7,rain
31.969657531382257,15.668413949444203,11.777077089193796,4.9835789168343405,rain
9.4,14.4,8.3,4.6,rain
4.060801708695673,14.454921569597357,8.897049539863982,3.164774011871534,rain
6.1,16.7,8.3,5.4,drizzle
1.4462201421342826,12.782191949290144,7.739163472209271,4.983402090028783,rain
0.8,15.6,6.7,2.4,rain
12.7,15.0,9.4,3.9,rain
0.5,16.7,11.7,3.1,rain
25.4,15.6,11.1,3.2,rain
17.0,12.8,8.3,2.0,rain
0.0,11.1,7.2,1.2,fog
1.8000207620452722,13.373782595610413,7.151585406355825,2.8575752511204358,rain
10.9,13.9,11.1,4.8,rain
4.1,14.4,10.6,3.3,rain
4.8,15.0,10.6,2.1,rain
4.1,16.7,10.6,6.7,rain
0.0,14.4,7.2,2.3,sun
0.0,12.8,3.9,0.8,fog
5.1,13.3,7.8,3.0,rain
0.0,11.1,5.6,3.9,sun
0.0,7.8,1.1,7.7,sun
0.0,6.7,0.0,7.6,sun
0.0,7.2,0.6,4.7,sun
0.025083619358162248,7.222068526238105,-2.183465738306693,4.486760652381323,sun
0.0,8.3,-1.6,4.2,sun
0.0,9.4,-2.1,4.2,sun
0.0,10.6,-2.1,1.9,sun
0.0,7.2,-0.5,0.9,sun
0.0,11.1,2.2,1.9,sun
3.6,11.1,5.6,2.1,rain
15.17345183035273,11.136822936473258,8.234431383984539,4.6755496612209155,rain
0.5,9.4,6.7,4.7,rain
11.9,12.8,5.6,5.1,rain
1.3,11.7,4.4,3.8,rain
18.3,13.9,9.4,4.5,rain
0.3,15.0,12.2,3.9,snow
3.388686269255545,14.483062825360898,11.602872117554382,6.553562635113663,rain
34.3,12.8,3.3,5.8,rain
3.6,4.4,-4.3,5.3,snow
0.0,2.8,-4.9,4.4,sun
0.0,4.4,-3.2,2.2,sun
0.0,5.6,-3.2,5.7,fog
0.0,10.0,0.0,3.6,sun
0.8,8.3,3.9,1.1,rain
3.0,12.8,6.7,3.1,rain
7.4,11.7,7.8,3.6,rain
0.0,14.4,6.1,2.8,sun
9.1,14.4,8.9,4.2,sun
9.9,16.1,10.6,5.1,rain
13.0,18.9,10.0,6.7,rain
6.9,14.4,8.3,6.4,rain
0.0,11.1,7.2,3.7,sun
0.0,10.0,3.9,1.1,fog
0.0020733384887009383,12.836298361552242,1.6814197541115086,3.501776809481496,drizzle
0.0,12.2,6.7,5.9,sun
0.007480511669233749,10.020943338585223,8.327084767983457,4.035793138185703,sun
2.8,8.9,6.1,1.6,rain
13.0,9.4,6.7,3.1,rain
3.0,11.1,7.2,4.3,rain
19.6,12.8,6.7,5.5,rain
0.0,12.8,10.0,5.2,snow
0.0,10.6,6.1,1.5,sun
20.6,12.2,5.0,3.8,rain
5.2651464355824675,7.245792175615821,3.9389042520782778,1.6675433564459607,rain
0.0,7.8,2.8,2.2,fog
0.0,5.6,1.7,1.2,fog
3.3,9.4,4.4,4.9,rain
4.1,6.7,2.8,1.8,rain
0.0,6.1,0.6,4.3,fog
0.0,3.3,-2.1,3.6,sun
0.0,3.3,-2.7,3.0,sun
0.0,5.6,-3.2,1.2,sun
1.5,5.6,0.0,2.3,rain
0.0,5.0,1.7,1.7,fog
10.2,10.6,3.3,4.5,fog
8.1,12.2,9.4,6.4,rain
0.0,12.2,6.1,1.3,fog
0.0,7.8,5.6,1.6,snow
0.0,7.8,1.7,2.6,fog
0.36872967978029086,9.997314143259144,3.309207029835648,0.5434050902578418,rain
5.8,7.8,6.1,0.5,rain
1.5,9.4,7.2,1.1,rain
0.03923253951026606,11.188644492262927,4.411542481288739,1.6584778749244806,fog
0.0,9.4,2.8,2.7,fog
-0.026044043800660638,6.173525821551107,0.6378280485338246,2.8122214273395345,fog
9.7,7.8,1.1,3.2,rain
0.0,11.7,5.6,4.5,fog
26.2,13.3,3.3,2.8,rain
21.3,13.9,7.2,6.6,rain
0.5,10.0,6.1,2.8,rain
0.0,10.0,3.3,3.0,fog
0.0,7.2,-0.5,1.3,fog
0.8,9.4,6.1,1.3,rain
5.8,12.2,8.3,2.6,snow
0.5,14.4,11.1,3.3,rain
0.0,17.2,7.2,1.4,fog
0.0,16.1,6.1,2.2,fog
0.8,11.1,8.3,2.0,drizzle
0.0,12.2,5.0,1.8,fog
0.0,12.2,3.3,2.9,sun
0.0,8.3,1.1,0.8,fog
0.0,7.2,3.3,1.9,fog
1.5,9.4,4.4,2.6,rain
7.4,11.1,5.0,4.0,rain
1.3,10.0,5.6,1.9,rain
8.4,10.6,4.4,1.7,rain
26.2,13.3,8.3,4.6,rain
17.3,14.4,10.0,4.5,snow
23.6,12.2,9.4,4.6,rain
3.6,15.0,8.3,3.9,rain
6.1,13.3,8.3,2.5,rain
0.3,12.8,8.3,4.0,rain
0.07379806634837119,12.802371600589058,5.67427904386028,1.062507068170694,fog
1.0,16.7,9.4,2.1,rain
0.0,15.6,6.7,1.7,fog
0.3,14.4,6.7,2.9,rain
0.0,12.2,3.9,4.8,sun
0.0,15.0,5.6,6.6,fog
0.0,16.1,4.4,4.0,drizzle
0.0,12.2,4.4,2.6,sun
4.6,10.6,8.3,2.2,rain
0.8,11.1,7.2,0.9,rain
0.0,12.2,5.6,4.5,sun
0.0,11.7,3.3,4.2,sun
0.0,12.8,0.6,1.4,sun
0.0,11.1,2.2,1.5,sun
4.1,10.0,6.7,1.0,rain
9.4,11.7,7.8,1.4,rain
18.3,10.0,6.7,4.0,rain
0.0,12.2,3.3,5.1,rain
0.0,11.1,1.1,2.2,sun
0.0,11.1,4.4,4.8,sun
0.0,10.6,0.0,2.1,sun
0.0,12.8,-0.5,1.8,sun
0.0,13.3,2.8,1.3,sun
0.0,15.0,3.3,1.4,sun
0.011702571836504354,16.683146401933314,3.9674238977356664,2.7629597869010625,fog
0.0,17.2,3.9,1.7,fog
0.0,14.4,4.4,1.8,fog
0.8,13.3,5.0,2.6,rain
2.5,14.4,8.9,3.1,rain
0.0,17.8,9.4,3.2,rain
2.0,17.2,7.8,2.2,rain
17.0,13.9,9.4,3.8,rain
55.9,10.6,6.1,4.2,rain
1.0,13.9,6.1,3.0,rain
0.8350791866123835,13.240644881396197,4.456084451621279,2.5536589473933358,rain
0.0,15.6,7.2,2.5,sun
0.0,15.6,8.3,1.9,sun
4.1,13.9,8.9,1.9,rain
3.8,13.3,8.3,4.7,rain
1.0,11.7,6.1,2.3,rain
8.1,11.1,5.6,2.8,rain
7.6,12.8,6.1,3.9,rain
5.1,14.4,7.2,4.4,rain
0.0,20.6,10.0,2.2,sun
1.0,18.3,8.9,4.0,rain
0.0,15.6,9.4,5.7,sun
0.0,15.6,8.9,3.0,sun
1.8,17.8,10.6,2.9,rain
1.0,12.8,6.1,4.2,rain
5.1,12.8,5.6,3.2,rain
0.0,13.3,5.6,2.4,sun
1.5500888816230822,11.176383624709707,4.962147827344764,3.497151641580307,rain
0.0,12.8,3.9,1.7,rain
0.0,16.7,2.8,2.4,sun
1.0,13.9,6.7,3.5,rain
0.5,14.4,6.7,3.9,rain
0.0,17.2,6.1,1.7,rain
0.0,17.2,6.1,2.3,sun
10.9,13.9,7.8,4.6,rain
0.0,11.7,5.6,6.5,sun
0.0,13.3,5.6,3.6,sun
14.0,11.7,3.9,3.6,rain
3.3,11.7,2.8,3.3,rain
0.0,13.9,3.3,2.4,fog
0.0,17.8,3.9,3.1,sun
-0.07373405530576838,18.835855695887027,6.144672149635522,3.5840765998598556,sun
0.0,18.9,8.3,3.9,sun
-0.012406760043071272,21.05351198464373,8.28453306115877,3.6203575249319955,fog
0.0,22.8,7.8,2.6,sun
5.6,17.2,6.7,3.4,rain
0.0,15.6,5.0,2.3,sun
3.0,12.2,6.7,4.1,rain
3.3,12.2,6.1,5.0,rain
1.3,13.3,5.6,3.0,rain
0.0,15.6,4.4,2.7,fog
0.2651885106992039,25.025610338697156,10.628420851913853,2.2845602028393692,sun
1.8,15.6,8.9,4.3,rain
0.0,16.1,7.2,4.7,sun
0.0,17.2,7.8,2.1,sun
0.0,18.3,8.9,3.7,sun
0.0,18.3,7.8,3.7,fog
0.0,20.6,7.8,2.6,sun
0.07616361734809202,17.212425515290274,7.17641779981271,5.160441014824541,sun
6.1,14.4,7.2,5.1,rain
-0.028291428570152488,16.67059187091248,7.163238878431307,2.5702639555991142,fog
0.0,20.6,6.1,3.0,sun
-0.03486045281966715,23.8418103391923,8.26817439063898,2.984582853861164,rain
0.0,26.7,9.4,2.6,sun
-0.04426037337482766,19.455868955671647,11.173597034485704,2.8063462399001793,sun
-0.0020435587402438207,13.910419935262103,10.058122546020869,2.53298240478112,fog
4.279881755040963,15.639476859477737,10.569597562664104,3.373292194406243,rain
4.1,12.2,10.0,2.8,rain
0.3,17.8,9.4,2.0,rain
0.0,20.0,9.4,2.8,fog
0.0,15.6,11.1,3.0,drizzle
0.0,19.4,10.6,2.1,sun
0.0,25.6,12.2,3.0,sun
0.0,21.7,11.7,2.6,sun
0.0,23.3,10.6,1.8,fog
0.0,25.6,11.7,2.1,sun
0.0,16.7,11.7,3.7,sun
-0.037037899076363436,16.044151138888324,11.697452649775759,2.6803378629368457,sun
0.0,17.8,11.1,2.7,fog
0.0,15.6,11.1,2.7,sun
0.0,21.7,11.7,2.1,sun
0.0,24.4,11.7,1.8,sun
0.0,27.8,12.2,2.1,sun
0.0,26.1,12.8,2.5,sun
0.0,22.8,10.0,2.5,fog
0.0,25.0,11.7,2.2,sun
4.6,16.1,11.7,3.4,snow
0.5,17.8,12.8,5.0,rain
0.0,20.0,11.7,3.0,sun
0.0,22.8,11.7,3.9,rain
0.0,26.7,12.8,4.3,sun
0.0,29.4,13.3,2.6,sun
0.0,31.1,15.6,3.2,sun
0.0,30.6,14.4,3.5,rain
0.0,28.9,14.4,2.7,drizzle
0.0,25.6,11.1,3.0,sun
0.0,24.4,11.1,3.5,sun
0.0,20.0,11.7,2.3,snow
0.0,23.9,9.4,2.6,sun
0.0,27.8,11.7,3.7,sun
0.0,30.0,16.1,3.5,rain
0.0,22.8,11.1,3.0,sun
0.0,25.0,11.1,3.1,sun
0.0,24.4,13.9,3.0,sun
0.5,23.9,13.3,3.2,sun
0.0,25.0,12.8,4.3,sun
-0.0077326114990976975,25.611195896887242,13.892824345458923,3.442699676683359,sun
0.0,25.0,12.8,2.4,sun
0.0,26.1,11.7,2.4,drizzle
0.0,25.6,16.1,2.6,sun
0.0,30.6,15.6,3.0,sun
0.0,31.7,17.8,4.7,rain
0.00473469362903239,33.321380915275526,17.252012094315052,3.810210154571071,sun
0.38255494499214404,28.319243797866466,18.27795889558033,2.1721069069357277,rain
0.0,28.9,17.2,2.7,sun
0.0,30.6,15.0,3.4,fog
0.0,32.2,17.2,4.3,sun
0.0,33.9,17.8,3.4,sun
0.0,33.3,17.8,2.6,sun
0.0,33.3,15.0,2.9,sun
0.0,32.8,16.7,2.1,sun
0.0,29.4,15.6,3.2,fog
0.0,27.2,13.9,2.4,sun
0.0,30.0,14.4,1.9,drizzle
0.0,28.9,14.4,3.4,sun
0.0,21.1,16.7,3.7,sun
0.0,22.2,16.7,3.0,sun
-0.03536043235531283,26.05260732298448,16.670391406671637,2.166974929595702,sun
0.0,25.6,16.1,3.1,sun
0.0,27.8,16.1,3.3,sun
0.0,26.1,14.4,3.2,sun
0.0,26.1,15.0,2.8,sun
0.0,27.8,13.9,3.3,sun
0.0,33.3,17.8,3.4,sun
0.0,35.0,17.2,3.3,sun
0.0,26.7,16.7,3.9,sun
0.0,23.9,15.0,2.4,sun
0.0,23.9,13.9,2.8,sun
0.020367189287259516,26.086305470274343,14.406903198063029,1.8971451479415136,snow
0.3,22.8,13.3,3.8,rain
0.0,21.1,14.4,2.4,fog
2.0,22.2,13.9,2.6,rain
0.0,23.3,12.2,1.9,fog
0.0,27.8,13.9,3.4,sun
-0.024651349568288728,32.11485242621099,14.398947258540344,3.8186221808328056,sun
0.013703319521631077,34.429627227152444,17.187087902149916,3.4560014594279873,sun
0.0,34.4,17.8,2.6,sun
0.0,33.3,15.6,3.1,sun
-0.06742539278746015,30.67192449427816,16.153582749572568,1.9602215042147648,sun
0.0,28.3,17.2,2.3,sun
0.0,26.1,14.4,2.6,fog
0.0,23.3,12.2,3.5,sun
0.0,25.0,15.0,2.9,sun
0.0,28.3,15.6,3.7,sun
0.0,25.0,15.6,3.6,fog
0.0,28.3,15.0,2.2,sun
0.0,28.9,16.1,2.4,sun
0.0,30.0,16.7,4.4,sun
7.6,28.3,16.7,2.7,rain
-0.0021703304942039306,28.295295570387772,15.570157882833417,2.2379363911905203,sun
30.5,18.3,15.0,5.2,rain
0.0,21.7,13.9,3.7,sun
0.0,25.0,14.4,3.7,sun
0.0,27.2,13.9,3.0,sun
0.0,30.0,15.0,3.0,sun
0.0,31.7,16.1,2.1,drizzle
2.0,22.8,14.4,4.2,rain
0.0,22.2,14.4,2.6,sun
0.0,26.7,12.2,2.5,snow
0.0,27.8,13.9,1.8,drizzle
0.0,23.9,12.2,2.3,sun
0.0,25.6,12.2,3.4,sun
0.0,28.3,13.9,1.7,sun
0.0,29.4,14.4,2.1,sun
0.5,23.3,15.6,2.6,rain
32.45660009503267,22.15609017302939,13.292842502036828,5.7678258539089535,rain
10.2,20.0,12.8,4.7,rain
0.0,18.9,16.1,5.8,sun
5.8,19.4,13.9,5.0,rain
0.0,19.4,11.1,3.8,rain
0.0,18.3,10.6,2.9,sun
0.0,18.3,10.0,2.9,sun
0.3,20.6,8.9,3.5,rain
5.3,16.1,11.7,2.4,rain
0.3,21.1,13.3,1.5,rain
0.0,22.8,13.3,2.4,drizzle
0.0,24.4,13.9,3.3,sun
0.0,25.0,14.4,3.6,fog
0.0,27.2,15.0,3.1,sun
0.0,26.7,14.4,2.1,sun
0.5,20.6,12.8,3.0,rain
0.0,16.7,10.6,3.4,sun
0.0,17.8,10.0,2.8,sun
1.0,20.0,10.0,1.9,drizzle
1.8,18.3,12.8,3.8,rain
0.0,19.4,12.8,2.6,sun
0.0,21.1,14.4,4.3,sun
4.1,22.8,12.2,6.8,rain
0.0,18.3,9.4,2.7,fog
0.0,18.9,7.8,2.0,sun
0.0,20.6,8.3,1.8,sun
-0.09667128800960988,22.15309628886212,11.054469771545765,2.3535221910638384,fog
2.0,15.6,12.8,2.6,rain
-0.026772429250864573,18.33231316508948,10.039460121718818,2.6936187628432515,sun
0.0,17.8,7.2,3.8,snow
0.0,21.1,9.4,5.1,sun
0.0,21.7,8.9,1.9,sun
0.0,18.3,10.0,1.3,fog
0.0,21.1,9.4,1.3,fog
0.0,15.6,10.0,2.9,fog
0.0,19.4,11.1,4.8,sun
0.0,22.8,10.0,3.7,sun
0.0,23.3,9.4,1.6,sun
0.0,18.3,10.0,2.6,drizzle
9.9,16.1,13.9,2.2,rain
0.0,18.9,13.3,1.1,fog
0.3,19.4,12.2,2.6,rain
28.7,21.1,13.3,4.7,rain
0.0,17.8,10.6,2.6,sun
4.6,18.3,10.6,2.8,rain
1.3,16.7,9.4,3.2,rain
0.0,15.0,10.0,5.0,fog
0.0,21.1,9.4,3.4,fog
0.0,20.0,8.9,1.3,rain
0.3368809318203342,19.400740803900913,11.633967554504865,1.2661201272674802,rain
3.8,15.0,12.8,2.0,rain
0.3,17.2,12.2,2.6,rain
0.0,17.8,10.6,1.8,fog
0.0,16.1,8.3,1.3,fog
0.0,16.1,8.9,2.7,fog
0.0,12.8,7.2,2.6,fog
0.0,15.0,8.9,2.9,fog
8.9,19.4,8.9,3.4,rain
6.9,12.2,10.0,4.6,rain
0.0,16.1,7.8,1.7,fog
3.3,13.9,11.1,2.8,rain
1.8,15.0,12.2,4.7,rain
19.3,17.2,11.7,6.7,rain
33.0,15.6,11.7,7.2,fog
26.2,12.2,8.9,6.0,rain
0.3,11.1,7.2,2.8,rain
0.7518626128008152,10.61648619308549,5.07186814425892,1.3791090085072895,rain
0.0,10.0,3.3,2.2,sun
1.3,11.7,7.8,2.3,rain
0.0,15.6,8.3,2.7,fog
12.7,12.2,9.4,3.0,rain
6.6,11.1,7.8,1.8,rain
3.3,10.0,5.0,1.3,rain
1.3,11.1,3.9,3.9,rain
1.5,11.1,6.1,4.6,rain
9.9,11.1,5.0,5.1,rain
33.5,13.3,9.4,6.5,rain
47.2,9.4,6.1,4.5,rain
22.422219472090447,8.826624940710442,2.2704814492542327,4.100610995847008,rain
2.1081358566869723,8.91582611486417,1.7687702111328365,3.859193461611662,rain
29.5,13.3,6.7,8.0,rain
1.5,8.9,3.3,3.8,rain
2.0,8.9,2.8,4.2,sun
0.0,8.3,0.6,4.0,fog
0.0,8.9,0.6,4.7,sun
0.0,10.0,1.7,3.1,fog
3.0,6.7,0.0,1.3,rain
7.1,6.7,2.8,4.5,rain
0.0,7.2,0.0,5.7,sun
0.0,9.4,-1.0,4.3,sun
0.0,9.4,-1.6,3.0,sun
0.043999809587769126,7.17648718842487,-2.641886950172882,0.9733188411346273,sun
0.0,1.7,-2.1,0.9,fog
0.5,5.6,-3.8,1.7,rain
12.153404088525505,10.090645144764304,3.9099787460788917,3.481535292224728,rain
2.5180634002369273,10.571883473353253,4.332979709009034,4.935443427519355,rain
12.7,15.6,7.8,5.9,rain
2.0,10.6,6.1,4.7,rain
15.7,10.0,6.1,4.0,rain
11.2,12.8,7.2,5.9,rain
27.4,11.1,8.3,3.4,rain
54.1,15.6,10.0,6.2,rain
13.5,12.2,7.8,6.3,rain
9.4,11.7,6.1,7.5,rain
0.3,9.4,4.4,2.8,sun
16.0,8.9,5.6,5.6,rain
1.3,7.8,6.1,6.1,rain
-0.05194064144666112,7.789829330045408,1.7068136911872454,1.6800716573067087,sun
1.5,6.7,1.1,2.9,rain
3.6,6.1,2.8,2.3,rain
21.8,6.7,3.9,6.0,rain
18.5,8.9,4.4,5.1,rain
0.0,8.3,2.8,4.1,fog
4.3,7.8,4.4,6.7,rain
27.4,5.6,2.8,4.3,sun
4.5740883864134085,7.711766008480299,2.8447826354477446,4.928816905029952,rain
6.07523215473054,4.989191091949684,2.7990914907012923,7.607609527487423,rain
2.5,5.6,2.2,4.3,rain
5.8,5.0,2.2,1.5,rain
0.0,4.4,0.0,2.5,sun
8.6,4.4,1.7,2.9,rain
1.5,5.0,1.7,1.3,rain
0.0,7.2,0.6,2.6,fog
0.0,5.6,-1.0,3.4,sun
0.0,5.6,-2.1,3.5,sun
73.87831197703564,5.47082500468334,-3.6784576645091747,14.101953099348032,sun
25.63171666856027,36.249710333725446,26.60237447470743,8.192756037374231,snow
77.11375150235116,50.59045414214679,-4.483667234804387,4.513454850835398,fog
67.0386814236486,21.63034202933681,18.96740449515415,2.1838168492326497,rain
80.15886362606818,35.343632538830384,21.15715076006171,2.1265992147413537,sun
21.175140530590326,2.5519029409110185,-0.5236635438799002,8.901140278533088,rain
29.066716672764148,40.686061188889006,-0.8793171586210313,9.312693555408607,rain
62.98371812110588,44.542019020798044,13.425679069630995,8.88366605733778,rain
71.5017868976538,49.81515492227174,26.5248990945258,0.6991016892264402,rain
60.82398598434725,10.044578212205698,10.958551407633387,9.489701306424255,snow
50.916482661461956,-0.33653541510053353,-4.390257948174632,6.700405956675645,sun
80.77579224677032,12.9563427222704,-5.500489812650982,2.653865484204604,drizzle
59.3184065523335,33.52348073118167,25.942949791528868,4.189761482832234,rain
4.129870522436013,41.43771719984233,9.312112334949347,4.1128210356357915,fog
78.30978811458921,15.732903552363995,-1.0135222374496333,5.82100729100314,sun
48.66226671568103,22.269248763252094,5.2392630532420945,11.326405956450964,rain
27.125219549019736,25.777068488672356,19.22393062319538,3.109462985418789,sun
40.5656477848371,20.786938912236657,20.31997893469409,2.9827493985609475,rain
10.571857071248436,1.7577773084467125,5.445271157757777,9.430961844312316,drizzle
0.9938804989762515,35.12202156278962,0.811605106636458,3.2881721039259912,rain
22.590087443658717,8.208267317962168,5.251657062112622,9.101218875647964,sun
60.44009637808212,16.66853249824465,11.237280418507623,12.381759221686636,fog
79.6458098254283,17.79123811334776,-6.53970188983729,12.75020080991362,rain
76.61137779012857,32.32326045252824,25.086954929868,4.4538436084435675,rain
56.71422649866421,45.878417466832566,11.499308342436663,1.229383113551275,drizzle
10.600593588620269,38.8131121262079,-6.842568613780431,2.708376127825193,snow
39.05096213587393,13.013921535795175,27.044681208155602,12.965758158522174,sun
48.34020379023689,37.65923803589826,-3.356012701100532,2.067585706630811,sun
48.050933401712115,52.88891363550986,8.673777385068927,5.557846384820726,sun
49.81001427025803,1.807469415013193,-10.390318662367331,12.074914542112186,sun
57.741552925451785,50.749584140365066,6.580970203969322,13.221467885542358,sun
63.78764642470982,5.3862783536217504,5.267690800082262,3.6840299875596516,rain
8.618665074377533,18.426191092122238,14.657178604073273,12.998018852657804,fog
19.119659733777763,38.644000781135425,20.803736035621483,12.158349229067658,sun
36.39299709537086,-0.387382759372898,-7.1591087348838,4.042369124837,fog
65.65815124838504,28.349610150677144,7.951537776839846,2.996289578629075,rain
5.148879398825345,15.480088881533101,-9.475486345622933,2.267285996506293,rain
46.003609736679365,18.87835208893727,14.803409350787188,2.138424794974318,rain
47.06590029631217,3.718710193702056,-3.4969062543845686,7.805791945155169,rain
82.24871533880997,14.463998922573976,24.639989407288866,4.203156260241133,sun
35.30035152547251,46.488141776386826,20.454287535360383,4.943748638154446,sun
21.56396082228323,13.881653583079585,-7.513195166543847,9.190801780243328,sun
71.31125111167897,28.51483831459636,11.550924375804527,11.309607706702174,rain
53.107483329838054,24.44936378293059,25.632418897171213,14.053993645165875,snow
69.7333811530796,16.507340995207883,16.119544231796983,1.7918363028060058,sun
35.942451127979936,22.322463464290195,6.42473384048964,9.342023957114614,sun
3.229929995751575,24.36138454459617,10.35277407020278,8.170688432797153,drizzle
40.66007767426206,25.30232708047798,23.603577963649172,1.0049475103470422,sun
17.017872868261023,13.981387942541838,6.102937796265525,1.2616907032578428,rain
64.18058487826124,4.9630974037205515,22.800492195214353,5.073866000108994,sun
36.77989697904423,14.014696253308136,26.649640847679528,8.856348593869154,sun
61.706645801661395,39.517389695427845,1.8353820810341457,4.005763159608644,rain
74.8094382193958,20.827522995423948,13.321844638680108,14.215991799586286,rain
31.444088719454758,22.874836130462583,27.53192640455292,11.549061868809819,rain
3.2104126606728025,49.37848494443226,1.7791077130596182,1.5918289693763534,drizzle
54.8587155578028,28.04502317283206,22.166920738980338,11.378300514759143,sun
27.402454036365846,4.403401310733794,4.963882228994448,0.6324787538925386,sun
12.038055575469665,30.996291218426343,-2.6754494211114634,3.9073559727461027,fog
37.80825854748405,18.94969543945639,15.319564108685725,2.6592746172158126,rain
15.356506117661793,6.714098960159138,17.892267205131013,13.93868981104919,rain
64.25377626544598,15.998043356744938,23.23902397698827,11.012874197739778,rain
9.153465282541143,6.2013143295326465,0.45849893979057654,12.844697544566511,sun
40.912134043213676,17.204538005501377,23.17697885222563,12.648001305990467,sun
54.659607038883955,20.216454874462812,-9.771685270517082,14.059071581893454,snow
33.219713543532855,25.35385459673543,-4.9023525244874335,3.7055946577407184,sun
39.08318119069361,37.36304707596047,6.698723678042466,4.935190515464864,fog
44.771172396826465,53.06469119284974,25.20878334753958,12.065101859396197,sun
82.8288531206244,53.22389716995243,-7.080332061938687,7.2839883370927065,drizzle
66.41445005603806,21.823292109781278,6.37380428688747,11.319323642450527,sun
46.873259417267256,-1.2817981175184638,18.775809500259044,5.540675652413631,fog
7.169061410395612,16.855226201694315,3.268381590034913,1.6924162857078568,rain
15.614115339108833,0.23625535273223752,10.954759371577364,1.3814747413811101,rain
68.12412826303493,28.892630301314647,7.979595512364764,6.159208099661711,drizzle
30.922132552523472,3.0625032571563207,-7.414956998265142,5.319645930032491,sun
65.32235782539887,42.59634557609713,-9.90105055450757,7.145831066177632,rain
76.6592545713818,41.33920557914133,0.8417347875694965,1.3578997834804278,sun
14.831067471010662,12.558381585063687,24.83709279076436,8.357792864851561,rain
49.515217008038476,49.42698214459128,6.933344688359426,13.852341503493395,fog
22.53073271930307,40.724631387678926,5.9066059424407555,8.993924342805965,rain
83.76873123550776,9.300822781758427,12.13096418179276,10.898859859762492,sun
38.340377799586435,46.106101914935195,-8.07248079230638,12.833501760181441,sun
17.480928822462495,39.87854669370533,-6.0731348769288065,4.9432568361514715,rain
28.260984555450538,0.7170405010013567,-0.8404647641649863,9.577139940929264,rain
62.40262629588273,45.394877144674076,-0.6302647254566942,14.106448390081459,rain
60.18443289672152,46.114519032633766,12.590868895317492,12.519358121254696,rain
71.5261981499674,16.950445244848872,27.02406893702097,11.445234311507352,rain
56.53967054455796,22.79905461705387,-1.9521904064103328,1.5727330389649925,fog
36.56104953992696,32.966630968009824,-10.476387551923603,8.074712120625577,sun
45.2871241117966,31.890943304312273,0.8003281802026727,4.693049111075219,sun
22.259217615972343,25.338614346836287,19.97735540618223,5.663260172500964,fog
75.43160867141994,35.59000325818499,18.218868875198893,8.483532484910425,rain
46.125680843905386,49.37950160683793,9.732721650186978,10.71241811788265,drizzle
18.37447811582287,10.55265353128791,0.591464774952291,12.822438502413705,rain
33.83164996201134,41.416690558901976,-3.205552376013146,2.109929820552879,rain
40.85303550785633,51.26046374979173,-6.04757653259816,3.086078315026965,fog
62.58165395301985,17.723871148850193,3.6454307472743377,13.882734295355302,sun
24.199062908807235,7.492474956691378,-4.294067975354821,4.57171698534542,sun
55.193207774809615,39.664213084194635,-6.983749970672447,10.351561155987595,rain
1.4637247227441266,4.641773731276754,13.880630956938383,6.168780240310511,rain
24.545616549996474,48.90382267726004,-7.801372734878909,11.87623472466638,sun
28.85431639881827,46.37126346590806,19.832450818508992,5.898024581368892,sun
79.84990814941206,11.540275811052549,25.15814128517141,4.533867516036642,sun
70.17701443256627,28.03851334781421,-1.70831426155398,5.610532596630923,rain
83.18985951952975,35.711381978118524,9.892756274448622,12.36589149215313,sun
81.48647736559379,36.09290666096139,15.294809804003638,8.42589668346218,sun
40.21468185375451,11.719669838478794,19.20656842722903,4.642133149838752,rain
14.23011799678718,34.15914383418162,-8.237568823469779,7.9833221328092066,rain
37.80321117355054,28.830510280752364,5.367673475268525,0.9898524533405971,fog
79.10823666915006,23.96546661685244,17.023605695927664,5.73503204446812,drizzle
1.7248209396863747,19.667995719625367,18.346296108988806,11.174998791701857,sun
63.98120646285184,13.007318584127821,25.861802514520313,3.5957631362668945,rain
21.43640386115117,40.27026692817123,-6.959241796601068,10.265005865959912,snow
63.12414768468718,44.1491598466894,-6.30550880681136,13.792564538758409,sun
8.1035104270236,10.839356915119609,2.5308970745125734,8.846505408509566,sun
43.568830317551644,44.91570781379555,10.309578394781536,4.156169422579094,fog
66.18425289329528,45.06128014132026,11.012341311648687,5.52340012849057,sun
79.04542452795295,45.11733900200508,7.7017378601254265,13.861136447771814,sun
68.69132826328259,22.128178583969472,14.46868080557751,12.744879440787516,fog
79.4206782097445,39.20431612387017,-6.884220331866328,0.7880012693189189,rain
73.30528897901631,48.58433406080115,7.108273714534551,10.865648303713364,sun
60.38219911853818,44.930413250768616,19.63537772985281,0.9293405405228848,sun
38.49329644951473,21.83640281612258,-1.1455480947891932,1.399584753333487,sun
83.32473167353781,-1.1594952466305042,15.73041229104344,9.126784005092615,sun
39.504811157409684,21.97006024544301,-5.282713725827478,12.692634789585783,drizzle
42.54505757614528,18.88215732121214,-1.8831378198891926,6.607667652280519,sun
82.38705731492382,51.92616050033292,16.887705119826805,13.640609193132322,sun
1.2968167182010977,21.846987987960304,6.517010933244926,7.5872499771125845,rain
62.3736899498947,14.616755828614279,-6.221614991664529,8.155298174532637,rain
20.049384988990745,44.01611111057877,4.039151464208553,10.728896080824473,sun
37.190615126131625,26.16228115057956,-8.099423325745846,10.194151850960884,rain
5.3926412045715635,32.96469943385171,4.266915324010853,8.463098135956464,rain
68.61261146607934,0.3022126639766314,3.8489116761375577,4.448422134160676,rain
24.799531299083355,36.06321918219383,12.606136882585023,2.2975288849044766,rain
54.330176243239805,24.97159023203804,24.15392112207318,0.7969979098379302,drizzle
29.676559482292305,16.554782542724134,16.755680472430605,13.924841234363129,sun
80.85648905403134,27.60451245233847,26.985557556716458,6.687930125727348,snow
39.10796901608364,52.504716145759424,5.7396589525564785,12.120585696596548,sun
10.09386292048452,25.404086356710607,13.415168888355467,13.377628090947088,sun
41.257705442331925,44.34502665432211,23.02413205951126,3.900258813703575,rain
67.06879270545848,17.820561338164374,21.087576569237395,4.9040277802558006,rain
36.714925865152175,37.265577634675864,-1.0739447861624818,10.411199677823204,rain
18.02594149446391,25.491466233476693,8.206121036857702,4.723170650117154,rain
55.36584328568069,48.34092606497645,-1.08646606753876,10.18959224216738,rain
44.6371629424588,45.726830443939946,-9.214424815584582,2.5350423816250425,sun
23.380358842891425,28.540866671157033,-7.444576789607294,13.646695041432684,sun
72.84432677426894,43.58534151468171,-0.9385175875546654,2.588969922481086,rain
